year,prop
2007,0.5785288270377733
2009,0.4786666666666667
2013,0.5392296718972895
2015,0.4442231075697211
2016,0.6333333333333333
2017,0.6164383561643836
2018,0.6789772727272727
