year,prop
2009,0.4750499001996008
2010,0.6606786427145709
2013,0.5802005012531328
2015,0.6019704433497537
2016,0.7402135231316725
2017,0.7663384064458371
2018,0.714148219441771
