year,prop
2007,0.9503968253968254
2008,0.7068322981366459
2009,0.652
2010,0.6953846153846154
2013,0.528
2015,0.532
2017,0.722
2018,0.7948717948717948
