year,prop
2008,0.5114885114885115
2013,0.48098159509202454
2015,0.472
2016,0.6079136690647482
2017,0.6030888030888031
2018,0.6022957461174882
