year,prop
2006,0.44258373205741625
2008,0.6675531914893617
2009,0.6146666666666667
2010,0.4900662251655629
2013,0.645
2015,0.588
2016,0.8872255489021956
2017,0.897
2018,0.8288557213930349
