year,prop
2008,0.406
2009,0.406
2013,0.4001996007984032
2015,0.40079760717846463
2017,0.5435215946843854
2018,0.568
