year,prop
2006,0.2248995983935743
2010,0.392
2013,0.47134387351778656
2015,0.36236236236236236
2016,0.5554794520547945
2017,0.5956848030018762
2018,0.6716417910447762
